,company_id,signup_date,cancellation_date,name
0,101,2015-11-08,2019-04-02,Lee and Sons
1,102,2016-08-18,2019-05-17,"Petersen, Johnson and Caldwell"
2,103,2016-09-27,2019-02-25,"Harper, Norris and Jackson"
3,104,2017-03-19,2019-10-26,"White, Sherman and Jones"
4,105,2017-04-25,2019-02-14,Allen Ltd
5,106,2017-05-28,2019-12-27,Mathis-Salinas
6,107,2017-06-02,2020-08-09,Murphy PLC
7,108,2017-06-12,2019-11-03,"Romero, Adams and Porter"
8,109,2017-07-13,2019-07-05,"Lee, Higgins and Johnson"
9,110,2017-08-26,2019-04-11,"Watts, Richards and Simon"
10,111,2017-09-03,2019-12-20,Mendoza-Evans
11,112,2017-10-12,,Espinoza-Schwartz
12,113,2017-10-21,2019-08-11,Howard-Brown
13,114,2017-11-13,2019-01-21,"Morris, Torres and Callahan"
14,115,2017-11-17,2019-03-23,Parker-Thomas
15,116,2017-11-17,2019-09-08,Maldonado Group
16,117,2017-11-18,2019-10-17,Sanchez-Smith
17,118,2017-11-19,2020-02-20,"Crawford, Bentley and Newman"
18,119,2017-12-03,2019-07-01,Hansen Ltd
19,120,2017-12-03,,Martinez LLC
20,121,2017-12-11,2020-01-22,"Cole, Mora and Davis"
21,122,2018-01-17,2019-07-26,"Ramsey, Pham and Whitaker"
22,123,2018-01-18,2019-02-06,Allen-Green
23,124,2018-01-25,2019-01-20,Mcgrath-Carr
24,125,2018-02-05,2019-01-05,Mcbride-Thomas
25,126,2018-02-11,2019-08-18,"Brewer, Schultz and Walker"
26,127,2018-02-19,2019-05-26,James-Santos
27,128,2018-03-26,2019-08-21,Johnson PLC
28,129,2018-03-26,2019-01-12,Powell Ltd
29,130,2018-03-29,2019-11-26,Smith-Hall
30,131,2018-04-03,2020-06-28,"Wilson, Martinez and Hall"
31,132,2018-04-05,,Torres-Taylor
32,133,2018-04-09,2019-12-18,Gray Group
33,134,2018-04-13,2019-02-06,"Hicks, Doyle and Herrera"
34,135,2018-04-18,2019-11-16,Snyder-Brown
35,136,2018-04-20,2019-02-21,Mcclure-Gonzalez
36,137,2018-04-24,2019-08-23,Meyer PLC
37,138,2018-04-30,,Lawson-Smith
38,139,2018-05-02,2019-04-14,Mercado-Schneider
39,140,2018-05-10,,Hernandez PLC
40,141,2018-05-12,2020-04-04,Stone-Gray
41,142,2018-05-12,2019-04-04,Mendoza and Sons
42,143,2018-05-18,2019-04-28,"Rivera, Castro and Mason"
43,144,2018-05-21,2019-02-04,Robinson Group
44,145,2018-05-22,2019-04-26,Clark Inc
45,146,2018-05-27,2019-02-24,Benitez-Anderson
46,147,2018-05-28,2019-05-03,Murray-Hanson
47,148,2018-05-30,,Marsh-Arnold
48,149,2018-06-06,,"Mitchell, Hill and Pena"
49,150,2018-06-08,,"Shaw, Robinson and Chavez"
50,151,2018-06-11,2020-02-08,"Lawrence, Williams and Jones"
51,152,2018-06-11,,Black-Watkins
52,153,2018-06-13,2019-02-04,Perez-Mullins
53,154,2018-06-18,,"Johnson, Quinn and Robinson"
54,155,2018-06-22,2019-03-23,Miller PLC
55,156,2018-07-02,2019-07-19,Woodward PLC
56,157,2018-07-04,2019-12-28,Morrison-Norton
57,158,2018-07-04,,Wright-Bryant
58,159,2018-07-09,2020-05-07,Potts-Owens
59,160,2018-07-10,2019-04-03,"Wagner, Gilbert and Robertson"
60,161,2018-07-13,2019-03-07,Peterson-Johnson
61,162,2018-07-20,2020-02-06,Ford Group
62,163,2018-07-21,2019-12-02,Jimenez and Sons
63,164,2018-07-25,2019-03-31,Robinson-Perez
64,165,2018-07-25,2020-06-28,Gonzalez-Spence
65,166,2018-07-27,2019-11-29,Douglas Inc
66,167,2018-07-30,2019-05-16,Price-Leon
67,168,2018-08-01,2019-12-07,Mcdowell Inc
68,169,2018-08-01,2020-07-07,Long Group
69,170,2018-08-09,2019-07-30,Carr Ltd
70,171,2018-08-13,2019-09-07,"Murphy, Buckley and Moore"
71,172,2018-08-14,2019-02-05,Bates Inc
72,173,2018-08-19,2019-04-08,"Wolfe, Jackson and Gibbs"
73,174,2018-08-23,2019-10-16,Davis-Miller
74,175,2018-08-27,2019-08-10,Morgan PLC
75,176,2018-08-27,2019-06-16,Wilson and Sons
76,177,2018-09-03,2019-03-09,Schultz Ltd
77,178,2018-09-05,2020-01-08,Davis-Brooks
78,179,2018-09-08,2020-01-22,"Vasquez, Kidd and Carter"
79,180,2018-09-09,2019-01-05,Jarvis-Soto
80,181,2018-09-09,2020-04-10,Fernandez Group
81,182,2018-09-11,,Dixon-Bates
82,183,2018-09-13,2019-06-25,"Buchanan, Shields and Kennedy"
83,184,2018-09-14,2020-05-20,"Barrera, White and Evans"
84,185,2018-09-15,2020-01-16,"Butler, Owen and Savage"
85,186,2018-09-21,,Stanley-Miles
86,187,2018-09-23,2020-05-13,Thomas-Parsons
87,188,2018-09-26,2019-07-01,Weiss-Sanchez
88,189,2018-09-26,2019-10-08,Brown-Walter
89,190,2018-09-30,,Wilson Inc
90,191,2018-10-02,,"Nelson, White and Simmons"
91,192,2018-10-07,,"Hall, Brown and Chen"
92,193,2018-10-09,2019-08-17,Woods-Ellis
93,194,2018-10-10,,Henson Ltd
94,195,2018-10-15,,"Tyler, Smith and Herrera"
95,196,2018-10-16,2019-04-07,Martinez-Chen
96,197,2018-10-22,,"Richardson, Price and Chambers"
97,198,2018-10-23,,Shaffer-Wright
98,199,2018-10-23,2019-06-03,"Benson, Mendoza and Ortiz"
99,200,2018-10-24,2020-11-11,"Tate, Martin and Holland"
100,201,2018-10-26,2019-04-24,Lara-Reese
101,202,2018-10-27,2019-04-06,Phillips-Finley
102,203,2018-10-30,2019-10-08,Holmes Ltd
103,204,2018-11-02,2019-01-14,"Johnson, Austin and Lopez"
104,205,2018-11-03,2019-04-26,"Miller, Moreno and Evans"
105,206,2018-11-05,2019-06-17,"Kramer, Taylor and Rodriguez"
106,207,2018-11-08,2019-06-21,"Hubbard, Lowe and Johnson"
107,208,2018-11-11,2019-10-19,"Morris, Perez and Harvey"
108,209,2018-11-14,,Aguilar Group
109,210,2018-11-16,2019-03-24,Martin Ltd
110,211,2018-11-16,2020-04-11,"Rodriguez, Harris and Bush"
111,212,2018-11-20,2020-07-23,Ruiz-Sanchez
112,213,2018-11-21,,Williams PLC
113,214,2018-11-22,,Mcdowell-Duke
114,215,2018-11-25,,Wade-Chen
115,216,2018-11-27,2019-06-27,"Ball, Smith and Marquez"
116,217,2018-11-27,,"Bauer, Fischer and Baker"
117,218,2018-11-28,2019-02-08,Brown-Burton
118,219,2018-11-28,,Mendez-Becker
119,220,2018-12-01,2019-05-07,Lopez-Yoder
120,221,2018-12-01,2020-02-03,Butler Group
121,222,2018-12-04,2020-04-19,Gonzalez and Sons
122,223,2018-12-05,2020-07-30,Brewer-Franklin
123,224,2018-12-07,2019-05-02,Martinez Ltd
124,225,2018-12-08,2019-11-09,Meyers Group
125,226,2018-12-08,,"Bowman, Williams and Harris"
126,227,2018-12-09,2019-10-25,Taylor PLC
127,228,2018-12-11,2020-06-27,Hughes-Pierce
128,229,2018-12-11,2020-01-14,Lara Ltd
129,230,2018-12-20,2019-08-21,Williams Inc
130,231,2018-12-21,,Jones-Ward
131,232,2018-12-22,,"Gordon, Buckley and Fields"
132,233,2018-12-23,2019-07-22,"Roberson, Kline and Williams"
133,234,2018-12-25,2019-07-29,"Moore, Dawson and Vaughn"
134,235,2018-12-25,,Anderson-Ward
135,236,2018-12-26,2019-04-15,Johnson-Munoz
136,237,2018-12-30,,Phillips-Roberts
137,238,2019-01-01,2019-04-09,Sanchez-Cabrera
138,239,2019-01-04,,Martinez-Adams
139,240,2019-01-09,,Hicks Ltd
140,241,2019-01-09,2019-02-04,Thompson-Smith
141,242,2019-01-12,,Reid-Roberts
142,243,2019-01-13,2020-03-19,Mullins-Garcia
143,244,2019-01-13,2019-02-02,Poole-Alexander
144,245,2019-01-15,,Little PLC
145,246,2019-01-16,2020-12-11,"Gentry, Berg and Clark"
146,247,2019-01-17,2019-05-13,Wilcox Ltd
147,248,2019-01-18,,Callahan PLC
148,249,2019-01-19,2020-01-22,"Davis, Le and Johnson"
149,250,2019-01-21,2019-06-27,"Houston, Griffin and Carey"
150,251,2019-01-21,2019-03-01,Williams-Mejia
151,252,2019-01-23,2019-09-04,Robbins-Gilbert
152,253,2019-01-24,2019-03-17,Simon Ltd
153,254,2019-01-27,,Fernandez PLC
154,255,2019-01-28,,Simmons-Johnson
155,256,2019-02-01,,"Tucker, Ramirez and Sanchez"
156,257,2019-02-04,2020-08-01,Savage-Grant
157,258,2019-02-05,,"Le, Howard and Wood"
158,259,2019-02-07,,Wood and Sons
159,260,2019-02-08,2020-09-08,Cook-Adams
160,261,2019-02-10,2019-12-20,"Moran, Hughes and Martin"
161,262,2019-02-13,,Freeman-Ramirez
162,263,2019-02-13,2020-03-16,Osborn LLC
163,264,2019-02-13,,Callahan-Hooper
164,265,2019-02-15,,Woods Inc
165,266,2019-02-16,2019-09-16,Wells-Stone
166,267,2019-02-16,,Gregory-Casey
167,268,2019-02-18,2019-11-10,"Leblanc, White and Weaver"
168,269,2019-02-19,2019-05-24,"Morrow, Short and Palmer"
169,270,2019-02-19,,"Ortiz, Yoder and Sanchez"
170,271,2019-02-22,2019-02-28,Smith and Sons
171,272,2019-02-23,,Vincent-Barron
172,273,2019-02-24,2019-05-04,Houston-Barker
173,274,2019-02-27,,Quinn-Eaton
174,275,2019-02-27,2020-05-22,Sawyer PLC
175,276,2019-02-28,,Tucker Group
176,277,2019-02-28,2019-03-09,"Rivera, Schmitt and Howard"
177,278,2019-03-01,,West-Schmidt
178,279,2019-03-04,2019-05-17,"Scott, Young and Hill"
179,280,2019-03-05,2019-12-05,Wolf PLC
180,281,2019-03-08,,Sanchez-Martinez
181,282,2019-03-09,2019-06-23,Clayton Inc
182,283,2019-03-09,2020-03-16,"Cardenas, Schroeder and Silva"
183,284,2019-03-10,2020-03-03,Hunter LLC
184,285,2019-03-11,,Olson-King
185,286,2019-03-13,2019-11-17,"Case, Mendoza and Hernandez"
186,287,2019-03-13,2019-05-11,Robertson Inc
187,288,2019-03-14,,"Green, Parsons and Taylor"
188,289,2019-03-18,,Bauer PLC
189,290,2019-03-19,,Huff-Davis
190,291,2019-03-21,2019-06-24,Mcintosh Inc
191,292,2019-03-22,2019-10-20,Clark Inc
192,293,2019-03-23,2020-03-11,Caldwell Inc
193,294,2019-03-25,2020-10-16,Short and Sons
194,295,2019-03-28,,Scott-Alexander
195,296,2019-03-28,,"Johnson, Jones and Johnston"
196,297,2019-03-29,2019-08-16,Lawson PLC
197,298,2019-03-30,,Frye Group
198,299,2019-04-01,2020-02-17,"Jenkins, Carr and Jackson"
199,300,2019-04-03,2020-12-10,Gutierrez-Camacho
200,301,2019-04-06,,"Turner, Hernandez and Marsh"
201,302,2019-04-06,,Rose and Sons
202,303,2019-04-06,,Lee Ltd
203,304,2019-04-07,2019-08-28,Allen Ltd
204,305,2019-04-07,2019-06-19,"Ali, Spencer and Jackson"
205,306,2019-04-07,,Frost Ltd
206,307,2019-04-07,2019-05-27,Terry-Phillips
207,308,2019-04-08,2019-08-26,Snow Ltd
208,309,2019-04-09,2019-04-24,Mckenzie-Dickson
209,310,2019-04-10,,Friedman LLC
210,311,2019-04-12,2020-05-16,Murphy-Frost
211,312,2019-04-13,2020-02-13,"Brady, Mitchell and Dyer"
212,313,2019-04-14,2019-08-17,Pennington-Williams
213,314,2019-04-15,2020-01-07,"Morse, Spencer and Owen"
214,315,2019-04-18,2020-01-06,"Brown, Joyce and Stuart"
215,316,2019-04-18,2020-06-09,Austin and Sons
216,317,2019-04-18,,"Peterson, Phelps and Hamilton"
217,318,2019-04-20,,Ayers-Mcbride
218,319,2019-04-21,2019-11-26,Faulkner-Baxter
219,320,2019-04-21,2020-03-09,"Smith, Davis and Hall"
220,321,2019-04-25,,Ramirez Ltd
221,322,2019-04-26,2019-09-20,Brooks Group
222,323,2019-04-26,2019-05-23,"Chavez, Brown and Bray"
223,324,2019-04-27,,Jordan-Carr
224,325,2019-04-28,2019-05-05,Foster-Newton
225,326,2019-04-28,2019-05-08,"Daugherty, Everett and Thomas"
226,327,2019-04-30,2019-10-17,"Cook, Davis and Thompson"
227,328,2019-04-30,2019-12-24,Thomas-Bryant
228,329,2019-04-30,2019-10-09,"Roy, Perry and Chavez"
229,330,2019-05-03,2019-08-07,"Palmer, Perez and Guzman"
230,331,2019-05-03,2019-12-10,Kelly LLC
231,332,2019-05-03,2020-05-02,Ellis LLC
232,333,2019-05-04,2020-05-19,"Smith, Rogers and Lawrence"
233,334,2019-05-11,2019-06-13,Horne and Sons
234,335,2019-05-11,2020-05-19,"Graham, Martin and Payne"
235,336,2019-05-15,,Rasmussen Inc
236,337,2019-05-17,2019-08-25,"Brown, Butler and Mccarthy"
237,338,2019-05-18,,Pierce Inc
238,339,2019-05-18,,"Wagner, Newton and Smith"
239,340,2019-05-19,2020-12-05,Oconnor-Lopez
240,341,2019-05-20,2020-05-28,"Smith, Douglas and Morrow"
241,342,2019-05-20,,Rivers-Turner
242,343,2019-05-25,2019-12-19,"Wilson, Wolfe and Alvarez"
243,344,2019-05-26,,Dickerson Ltd
244,345,2019-05-26,2020-09-13,Miller-Page
245,346,2019-05-26,,"Bowman, Mendoza and Lyons"
246,347,2019-05-27,2020-05-28,Beck-Townsend
247,348,2019-05-27,2019-09-01,Rodriguez-Sherman
248,349,2019-05-27,2019-11-07,"Decker, Wright and Anderson"
249,350,2019-05-27,,Hahn-Archer
250,351,2019-05-27,2020-03-25,"Hanna, Murphy and Gonzales"
251,352,2019-05-27,,"May, Bradley and Lopez"
252,353,2019-05-27,,"Brown, Boyd and Ortiz"
253,354,2019-05-29,,"Harrell, Williams and Brown"
254,355,2019-05-30,,Liu-Hamilton
255,356,2019-06-02,,Taylor-Watson
256,357,2019-06-03,2019-12-25,Johnson Group
257,358,2019-06-04,,"Walker, Williams and Flores"
258,359,2019-06-04,2020-05-10,Rangel PLC
259,360,2019-06-06,,Booth-Davis
260,361,2019-06-07,,Cochran-Hicks
261,362,2019-06-11,,"Ray, Wall and Smith"
262,363,2019-06-12,2020-04-01,Williams-Estrada
263,364,2019-06-12,,"Garcia, Gordon and Young"
264,365,2019-06-13,2020-02-22,Sampson-Rodriguez
265,366,2019-06-13,2019-06-23,Edwards LLC
266,367,2019-06-16,,Clark and Sons
267,368,2019-06-17,,"Wallace, Morris and Brown"
268,369,2019-06-17,2020-05-23,Durham Ltd
269,370,2019-06-20,2019-10-17,"Bruce, Whitaker and Mills"
270,371,2019-06-21,2020-09-11,Mendoza Group
271,372,2019-06-25,,Reed LLC
272,373,2019-06-26,,Morris-Vang
273,374,2019-06-28,,Lee-Barnes
274,375,2019-06-28,,Moreno-Johnson
275,376,2019-07-01,,Green Group
276,377,2019-07-04,,"Brown, Reed and Ferguson"
277,378,2019-07-06,,Vargas and Sons
278,379,2019-07-10,,Oliver LLC
279,380,2019-07-11,,"Santiago, Morrison and Cohen"
280,381,2019-07-11,,Davis Inc
281,382,2019-07-16,2019-10-12,Crawford LLC
282,383,2019-07-16,,"Miller, Olson and Ferrell"
283,384,2019-07-18,2019-09-17,"Woods, Cole and Marsh"
284,385,2019-07-18,,"Callahan, Moran and Lewis"
285,386,2019-07-19,2020-02-19,Taylor LLC
286,387,2019-07-20,,"Brown, Reid and Gonzalez"
287,388,2019-07-22,2019-09-28,Elliott-Garrett
288,389,2019-07-23,,Goodman-Mckee
289,390,2019-07-26,,"Lowery, Allen and Wiley"
290,391,2019-07-27,2019-07-23,"Gonzales, Reynolds and Gay"
291,392,2019-07-29,,Wells-Gutierrez
292,393,2019-07-31,,Nelson-Sheppard
293,394,2019-08-02,,"Valdez, Smith and Nolan"
294,395,2019-08-02,,Vang-Scott
295,396,2019-08-03,,Gilbert Group
296,397,2019-08-03,2019-11-19,Moon Ltd
297,398,2019-08-03,,Lewis-Thomas
298,399,2019-08-04,2019-10-29,Steele and Sons
299,400,2019-08-05,,"Smith, James and Edwards"
300,401,2019-08-05,2019-09-19,"David, Lee and Ingram"
301,402,2019-08-07,2019-10-26,Werner LLC
302,403,2019-08-07,,Young-Reid
303,404,2019-08-09,,"Ball, Gilbert and Johns"
304,405,2019-08-11,2020-03-30,"Jenkins, Scott and Mcdonald"
305,406,2019-08-11,,Myers-Fields
306,407,2019-08-11,2020-11-27,Nichols Inc
307,408,2019-08-12,2019-08-12,Parsons Ltd
308,409,2019-08-13,,Shaw PLC
309,410,2019-08-14,,Roberts Ltd
310,411,2019-08-14,2020-01-05,Ingram-Steele
311,412,2019-08-17,,Valdez Group
312,413,2019-08-18,,"Irwin, Davis and Frank"
313,414,2019-08-19,,Randolph-Lopez
314,415,2019-08-19,,Galloway-Michael
315,416,2019-08-19,,Grant-Miller
316,417,2019-08-21,,"Rollins, Russell and Washington"
317,418,2019-08-21,,Rodriguez PLC
318,419,2019-08-23,,"Hubbard, Cardenas and Hayes"
319,420,2019-08-24,2020-04-14,Marshall-Villanueva
320,421,2019-08-25,2019-10-17,Davis-Warren
321,422,2019-08-26,2020-08-17,"Adkins, Jennings and Watson"
322,423,2019-08-27,,Hatfield-Gomez
323,424,2019-08-29,2020-01-01,Mcintosh and Sons
324,425,2019-08-29,,Monroe LLC
325,426,2019-08-30,,Roberts-Reed
326,427,2019-09-01,,Ramirez Inc
327,428,2019-09-02,,"Frazier, Schmidt and Bradshaw"
328,429,2019-09-02,,Mcmahon Inc
329,430,2019-09-04,2019-12-15,"Nolan, Ruiz and Schroeder"
330,431,2019-09-06,2020-08-13,"Moore, Cantrell and Anderson"
331,432,2019-09-08,,Branch-Martin
332,433,2019-09-10,2019-12-28,Sanchez-Adams
333,434,2019-09-12,2020-04-21,Ramos LLC
334,435,2019-09-13,,Lara-Ochoa
335,436,2019-09-15,,Noble and Sons
336,437,2019-09-16,2020-10-02,Lambert-Collins
337,438,2019-09-19,2019-12-04,Carter-Franco
338,439,2019-09-20,,Walker LLC
339,440,2019-09-21,,Vaughn Group
340,441,2019-09-26,,Fletcher and Sons
341,442,2019-09-27,,Jensen-Bishop
342,443,2019-09-27,2020-09-14,Davis Inc
343,444,2019-09-27,,"Ramirez, Mcdonald and Castaneda"
344,445,2019-09-28,2020-06-25,Mcdowell LLC
345,446,2019-09-29,,"Clark, Khan and Williams"
346,447,2019-09-30,,"Evans, Warner and Evans"
347,448,2019-09-30,,Richards-Davidson
348,449,2019-10-04,2020-03-19,Miller Group
349,450,2019-10-05,,Johnston PLC
350,451,2019-10-05,2019-12-25,Smith and Sons
351,452,2019-10-07,2019-09-03,"Thompson, Blair and Williams"
352,453,2019-10-09,,"Smith, Webb and Carter"
353,454,2019-10-10,2019-10-02,Cortez-Hansen
354,455,2019-10-14,2020-06-21,Smith Ltd
355,456,2019-10-15,,Delacruz Inc
356,457,2019-10-15,,Hardy-Skinner
357,458,2019-10-16,,Cross-Khan
358,459,2019-10-17,,Byrd PLC
359,460,2019-10-20,2020-02-12,Holloway-Durham
360,461,2019-10-22,2020-01-03,Meza Group
361,462,2019-10-23,,"Cuevas, Gomez and Garcia"
362,463,2019-10-24,,Richards-Snyder
363,464,2019-10-25,2020-03-07,Castro Inc
364,465,2019-10-26,2019-12-05,Clark-Porter
365,466,2019-10-27,2020-12-20,Mitchell-Moore
366,467,2019-10-27,,"Rivera, Armstrong and Lambert"
367,468,2019-10-28,2020-03-01,"Harris, Jones and Turner"
368,469,2019-10-28,,"Lucas, Black and Woodard"
369,470,2019-10-28,,Cole PLC
370,471,2019-10-30,2020-02-04,Davis Ltd
371,472,2019-10-31,,Lee Group
372,473,2019-11-01,,Johnston Ltd
373,474,2019-11-01,,Baker-Rivera
374,475,2019-11-01,,Silva-Sanchez
375,476,2019-11-01,,Williams LLC
376,477,2019-11-02,2020-01-22,Martinez LLC
377,478,2019-11-03,2020-02-02,Brown-Fowler
378,479,2019-11-04,2020-09-01,"Parsons, Wells and Moore"
379,480,2019-11-04,,Thomas-Robinson
380,481,2019-11-05,,Johnson-Smith
381,482,2019-11-05,,Robinson Group
382,483,2019-11-06,,"Rasmussen, Jacobs and Benson"
383,484,2019-11-09,,King-Wilson
384,485,2019-11-09,,Reed and Sons
385,486,2019-11-10,2020-09-07,Baker-West
386,487,2019-11-12,,Rivera and Sons
387,488,2019-11-13,,Brooks-Avila
388,489,2019-11-13,2020-01-29,Willis Inc
389,490,2019-11-14,,Hernandez-Savage
390,491,2019-11-14,,King-Lopez
391,492,2019-11-15,,King-Nichols
392,493,2019-11-18,,"Davis, Brooks and Lawrence"
393,494,2019-11-19,2020-08-17,Melendez PLC
394,495,2019-11-19,,Harris PLC
395,496,2019-11-19,,Whitney-Moreno
396,497,2019-11-19,,Miller Group
397,498,2019-11-20,,Meyer-Pugh
398,499,2019-11-22,2020-12-03,Martin LLC
399,500,2019-11-24,,Pham-Hardy
400,501,2019-11-27,,"Wong, Berry and Cook"
401,502,2019-11-27,,"Rogers, Olson and Nelson"
402,503,2019-11-29,,"Anderson, Thompson and Hughes"
403,504,2019-12-01,,Ramos-Smith
404,505,2019-12-02,2020-11-27,Baker-Edwards
405,506,2019-12-02,2020-07-20,Short-Frazier
406,507,2019-12-03,2020-11-02,Montgomery-Velasquez
407,508,2019-12-03,,"Schmidt, Kirby and Hoffman"
408,509,2019-12-05,2019-11-25,"Anderson, Craig and Davis"
409,510,2019-12-05,,Duncan-Edwards
410,511,2019-12-05,,Kim-Moss
411,512,2019-12-05,,"Dyer, Webb and Myers"
412,513,2019-12-06,,Allen-Stevenson
413,514,2019-12-06,2020-08-01,Goodwin-Franklin
414,515,2019-12-06,,"Cruz, Wilkinson and Mueller"
415,516,2019-12-06,,Clark-Ramos
416,517,2019-12-07,,Jackson Inc
417,518,2019-12-08,2020-07-22,Mejia LLC
418,519,2019-12-09,,Mack and Sons
419,520,2019-12-09,,Moore-Davis
420,521,2019-12-10,2020-06-15,"Gibson, Myers and Robles"
421,522,2019-12-12,,Castillo-Diaz
422,523,2019-12-13,2020-01-16,Lee-Jackson
423,524,2019-12-15,,"Ruiz, Brown and Taylor"
424,525,2019-12-15,,Walters-Gregory
425,526,2019-12-15,,"Reynolds, Houston and Hall"
426,527,2019-12-15,,Li-Lee
427,528,2019-12-16,,"Vaughan, Mueller and Campbell"
428,529,2019-12-17,2020-02-04,"Skinner, Shaw and Jensen"
429,530,2019-12-19,2020-12-12,Gardner PLC
430,531,2019-12-19,,Mills Inc
431,532,2019-12-20,,Yoder-Washington
432,533,2019-12-20,,Robinson Ltd
433,534,2019-12-22,2020-08-27,Hayes Inc
434,535,2019-12-23,2020-04-17,Berger-Wall
435,536,2019-12-24,,Simpson-Parker
436,537,2019-12-24,,Jones-Taylor
437,538,2019-12-25,,"Lewis, Kidd and Jones"
438,539,2019-12-27,,Medina Inc
439,540,2019-12-27,,Frazier and Sons
440,541,2019-12-29,,Nguyen Inc
441,542,2019-12-29,2020-05-24,"Moore, Gonzalez and Kelly"
442,543,2019-12-30,,"Woods, Clay and Edwards"
443,544,2020-01-01,,Preston-Huang
444,545,2020-01-01,,Marshall LLC
445,546,2020-01-02,,Murphy-Knox
446,547,2020-01-02,,Poole-Nelson
447,548,2020-01-06,,"Whitaker, Hart and Marshall"
448,549,2020-01-07,2020-10-23,Leonard-Martinez
449,550,2020-01-07,,"Hughes, Wood and Parker"
450,551,2020-01-08,2020-12-16,"Hernandez, Jacobson and Michael"
451,552,2020-01-09,,Powers LLC
452,553,2020-01-10,,Hill-English
453,554,2020-01-11,,"Michael, Wilson and Horne"
454,555,2020-01-11,2020-02-12,"Reed, Rodriguez and Thomas"
455,556,2020-01-13,2020-11-03,Robles-Gordon
456,557,2020-01-13,,Cook LLC
457,558,2020-01-16,,"Chen, Delgado and Gomez"
458,559,2020-01-19,,Rodriguez-Mason
459,560,2020-01-19,,Bradley-Payne
460,561,2020-01-19,2020-10-14,Mayer Group
461,562,2020-01-22,2020-11-27,"Martinez, Carter and Key"
462,563,2020-01-22,,Snyder Group
463,564,2020-01-22,,"Joyce, Carter and White"
464,565,2020-01-23,,Carter-Fisher
465,566,2020-01-23,,Taylor-Diaz
466,567,2020-01-24,,Melton PLC
467,568,2020-01-26,,Bowen-Johnson
468,569,2020-01-26,,Conner and Sons
469,570,2020-01-27,,Blankenship-Brown
470,571,2020-01-28,,Jackson Ltd
471,572,2020-01-30,,"Jensen, Holmes and Vega"
472,573,2020-01-30,,"Cardenas, Holder and Snyder"
473,574,2020-01-31,,Obrien-Steele
474,575,2020-02-01,2020-06-04,Strickland-Solis
475,576,2020-02-01,,Cruz Ltd
476,577,2020-02-03,,Hoffman-Sanders
477,578,2020-02-03,,Harris-Williams
478,579,2020-02-03,,Scott Inc
479,580,2020-02-05,,Hayes LLC
480,581,2020-02-07,2020-07-02,"Pham, Greer and Frank"
481,582,2020-02-08,,King Inc
482,583,2020-02-08,,Reed Inc
483,584,2020-02-08,,"Mccullough, James and Smith"
484,585,2020-02-09,,Brown-Gonzalez
485,586,2020-02-10,2020-06-04,"Shields, Kelly and Andrews"
486,587,2020-02-11,,Larson Group
487,588,2020-02-12,2020-09-11,Sullivan Group
488,589,2020-02-14,,Buck LLC
489,590,2020-02-14,,Schaefer Group
490,591,2020-02-15,,Torres-Ramirez
491,592,2020-02-16,,Johnson-Atkinson
492,593,2020-02-17,,"Green, Jackson and Silva"
493,594,2020-02-17,,Chavez Group
494,595,2020-02-18,,Greene-Smith
495,596,2020-02-18,,Crawford-Potter
496,597,2020-02-19,2020-07-05,Cole-Neal
497,598,2020-02-21,,Perry LLC
498,599,2020-02-21,,Ray Inc
499,600,2020-02-22,,"Wolf, Crawford and Cobb"
500,601,2020-02-23,,Payne LLC
501,602,2020-02-23,2020-08-16,Koch Inc
502,603,2020-02-24,2020-03-23,"Pena, Carr and Meyer"
503,604,2020-02-25,,Diaz-Bowen
504,605,2020-02-25,,"Richardson, Lopez and Chambers"
505,606,2020-02-26,2020-10-14,Lowery-Jackson
506,607,2020-02-26,,"Webster, Wilson and Jones"
507,608,2020-02-27,,Gonzalez Inc
508,609,2020-02-27,,Hughes-Johnson
509,610,2020-02-28,,Hall and Sons
510,611,2020-02-29,,"Young, Odonnell and Mejia"
511,612,2020-03-02,,Gordon Ltd
512,613,2020-03-04,,"Smith, Carroll and Kerr"
513,614,2020-03-07,,"Hughes, Solis and Nichols"
514,615,2020-03-08,,Green Inc
515,616,2020-03-08,,Foster and Sons
516,617,2020-03-08,,Hill-Harris
517,618,2020-03-09,,"Valdez, Sawyer and Taylor"
518,619,2020-03-09,,Ferrell LLC
519,620,2020-03-09,,Garcia and Sons
520,621,2020-03-10,,"Vega, Diaz and Bender"
521,622,2020-03-10,2020-03-22,"Christensen, Townsend and King"
522,623,2020-03-10,2020-11-08,Grant-Martin
523,624,2020-03-16,,"Thompson, Price and Baker"
524,625,2020-03-16,,"Moore, Pineda and Lee"
525,626,2020-03-17,,"Norris, Blair and Levine"
526,627,2020-03-17,2020-08-05,King-Caldwell
527,628,2020-03-18,,Woods-Kline
528,629,2020-03-19,,"Gutierrez, Hall and Moore"
529,630,2020-03-19,,"Petty, Davis and Thompson"
530,631,2020-03-20,2020-05-08,Palmer PLC
531,632,2020-03-21,,Meyer LLC
532,633,2020-03-23,2020-03-30,Olson-Wright
533,634,2020-03-24,,"Jackson, Jones and Long"
534,635,2020-03-24,,Pratt and Sons
535,636,2020-03-24,,Martinez-Li
536,637,2020-03-26,,Freeman Ltd
537,638,2020-03-26,2020-02-26,Vega-Johnson
538,639,2020-03-26,,"Thompson, Kerr and White"
539,640,2020-03-27,,Atkinson-Flynn
540,641,2020-03-29,,"James, Salas and Johnson"
541,642,2020-03-29,,"Walters, Castro and Davis"
542,643,2020-03-30,2020-06-19,"Clayton, Garner and Hart"
543,644,2020-03-31,,"Rogers, Zavala and Weiss"
544,645,2020-03-31,,Perez Group
545,646,2020-04-01,,Hudson-Wilkins
546,647,2020-04-02,,"Baker, Gross and Wright"
547,648,2020-04-02,,Love Ltd
548,649,2020-04-03,,Walsh Ltd
549,650,2020-04-03,2020-07-15,"Harris, Jones and Hill"
550,651,2020-04-04,2020-09-01,Winters Ltd
551,652,2020-04-04,,Valencia-Sanders
552,653,2020-04-05,,Taylor PLC
553,654,2020-04-06,,Carson-Higgins
554,655,2020-04-07,2020-03-09,Sanchez-Hill
555,656,2020-04-07,,Martin-Tanner
556,657,2020-04-10,,"Miller, Thompson and Mcmillan"
557,658,2020-04-10,2020-06-13,Sutton-Sanchez
558,659,2020-04-11,2020-05-03,Howard and Sons
559,660,2020-04-12,,Frazier-Johnson
560,661,2020-04-12,,Miller-Tucker
561,662,2020-04-12,,"Watson, Whitehead and Ford"
562,663,2020-04-13,,Lawrence Inc
563,664,2020-04-15,,Anderson LLC
564,665,2020-04-16,,Dyer and Sons
565,666,2020-04-16,2020-09-19,Mcguire-Booth
566,667,2020-04-17,,"Walker, Benjamin and Short"
567,668,2020-04-20,,Campos Group
568,669,2020-04-20,,Day-Crawford
569,670,2020-04-20,,Ramirez-Gonzales
570,671,2020-04-22,2020-11-21,Howard LLC
571,672,2020-04-22,,Chandler-Bryant
572,673,2020-04-23,,Collier-Lawrence
573,674,2020-04-24,,"Willis, Higgins and Francis"
574,675,2020-04-24,,Ramirez-Morgan
575,676,2020-04-25,,"Snyder, Francis and Rios"
576,677,2020-04-26,,Leonard-Brown
577,678,2020-04-27,,Mcintosh and Sons
578,679,2020-04-27,,Campbell Group
579,680,2020-04-27,,Coleman and Sons
580,681,2020-04-28,,Benitez Ltd
581,682,2020-04-29,2020-08-14,"Poole, Scott and Torres"
582,683,2020-05-02,,Martinez Ltd
583,684,2020-05-04,,Andrews Group
584,685,2020-05-04,,"Young, Preston and David"
585,686,2020-05-04,,Watson-Franklin
586,687,2020-05-05,,"Avila, Hogan and Garcia"
587,688,2020-05-06,,Smith-Baker
588,689,2020-05-06,,Terry-White
589,690,2020-05-06,,"Hall, Snyder and Martin"
590,691,2020-05-06,,Brown Inc
591,692,2020-05-07,,Duncan Inc
592,693,2020-05-08,,Noble Ltd
593,694,2020-05-08,,"Escobar, Middleton and Carter"
594,695,2020-05-08,2020-07-30,Henderson and Sons
595,696,2020-05-09,,"Mitchell, Harper and Carter"
596,697,2020-05-09,,"Moses, Gardner and Webb"
597,698,2020-05-10,,Robinson PLC
598,699,2020-05-11,2020-10-12,"Aguilar, Torres and Wade"
599,700,2020-05-12,,"Bryant, Allison and Thomas"
600,701,2020-05-12,,Logan LLC
601,702,2020-05-13,,Bradley-Johnson
602,703,2020-05-13,,Powell-Casey
603,704,2020-05-13,,Ball Inc
604,705,2020-05-14,,Salazar-Kelly
605,706,2020-05-15,,Beck-Duffy
606,707,2020-05-15,,Baxter-Gonzales
607,708,2020-05-15,,Thompson Inc
608,709,2020-05-16,,"Johnston, Thomas and Duffy"
609,710,2020-05-17,,Young-Brady
610,711,2020-05-18,2020-05-11,Sanchez Ltd
611,712,2020-05-18,,Young-Cunningham
612,713,2020-05-18,2020-11-23,Thompson Group
613,714,2020-05-18,2020-08-23,Collins and Sons
614,715,2020-05-19,,Scott-Rivas
615,716,2020-05-24,,"Montoya, Hull and Harris"
616,717,2020-05-25,,Mendoza-Cross
617,718,2020-05-25,,"Gordon, Schultz and Andersen"
618,719,2020-05-26,,"Martinez, Singh and Duran"
619,720,2020-05-27,,"Lynch, Mendez and Eaton"
620,721,2020-05-27,,"Kane, Flores and Baird"
621,722,2020-05-27,,Miller LLC
622,723,2020-05-29,,Bishop-Porter
623,724,2020-05-31,,Willis PLC
624,725,2020-05-31,,Ramirez-Ruiz
625,726,2020-05-31,,Valenzuela-King
626,727,2020-06-01,,Butler Inc
627,728,2020-06-03,,Gibson-Smith
628,729,2020-06-04,,Black PLC
629,730,2020-06-06,,Gross Ltd
630,731,2020-06-07,,Richardson and Sons
631,732,2020-06-08,,Brandt Group
632,733,2020-06-08,,Miranda-Keith
633,734,2020-06-08,,Porter-Davis
634,735,2020-06-08,,Harrison-Singh
635,736,2020-06-08,,"Young, Russell and Lawrence"
636,737,2020-06-09,,Fields-Walsh
637,738,2020-06-09,,"Crawford, Dillon and Burton"
638,739,2020-06-11,,"Munoz, Tran and Moore"
639,740,2020-06-12,,Bullock Ltd
640,741,2020-06-13,,Lawson-Hughes
641,742,2020-06-13,,"Olson, Haynes and Jones"
642,743,2020-06-15,,Ward Group
643,744,2020-06-15,,Smith Group
644,745,2020-06-16,,Webb LLC
645,746,2020-06-16,,Brown and Sons
646,747,2020-06-16,2020-03-11,Hall-Smith
647,748,2020-06-16,,"Rivera, Casey and Kelley"
648,749,2020-06-16,,Gardner and Sons
649,750,2020-06-16,,"Porter, Kirk and Clark"
650,751,2020-06-17,,"Norman, Smith and Williams"
651,752,2020-06-17,,Frazier-Scott
652,753,2020-06-19,,Franklin Inc
653,754,2020-06-20,2020-07-09,"Walsh, Nixon and Montes"
654,755,2020-06-20,,"Boyd, Miller and Padilla"
655,756,2020-06-20,,"Douglas, Khan and Gonzalez"
656,757,2020-06-21,2020-09-14,Massey-Murphy
657,758,2020-06-21,,"Lowe, King and Vargas"
658,759,2020-06-21,,Bennett PLC
659,760,2020-06-22,,"Garcia, Cruz and Bush"
660,761,2020-06-22,,Gonzalez-Schultz
661,762,2020-06-22,,Rangel Inc
662,763,2020-06-23,,Webster-Snyder
663,764,2020-06-25,2020-06-09,"Webb, King and Hebert"
664,765,2020-06-25,,Martinez-Klein
665,766,2020-06-27,2020-10-09,Roberts-Patel
666,767,2020-06-27,,"Frederick, Jones and Young"
667,768,2020-06-27,,Taylor-Ward
668,769,2020-06-28,2020-12-03,"Wilkinson, Reed and Vasquez"
669,770,2020-06-29,,"Crane, Bryan and Benson"
670,771,2020-07-01,,"Sanchez, Mclaughlin and Fleming"
671,772,2020-07-01,,"Davis, Brown and Porter"
672,773,2020-07-02,,Crawford-Robinson
673,774,2020-07-03,,"Wilson, Ramsey and Ross"
674,775,2020-07-03,,"Brewer, Powell and Weaver"
675,776,2020-07-03,,"Graham, Mann and Christensen"
676,777,2020-07-05,,"White, Haley and Richardson"
677,778,2020-07-06,,Joseph-Mcmillan
678,779,2020-07-07,,Estrada-Hines
679,780,2020-07-07,,Hodge LLC
680,781,2020-07-07,2020-12-12,Meza-Harvey
681,782,2020-07-07,,"Jackson, Johnson and Banks"
682,783,2020-07-07,,Manning-Rogers
683,784,2020-07-08,,"Graham, Trujillo and Lewis"
684,785,2020-07-08,,Wells-Mccarthy
685,786,2020-07-09,,Lindsey Ltd
686,787,2020-07-09,,Johnson Inc
687,788,2020-07-09,,Barrett-Smith
688,789,2020-07-10,,"Smith, Carrillo and Cortez"
689,790,2020-07-10,,"Hill, Hernandez and Clark"
690,791,2020-07-11,,"Cooper, Wood and Rivera"
691,792,2020-07-11,,Olson Ltd
692,793,2020-07-12,,Mcknight Group
693,794,2020-07-12,2020-10-10,Todd Group
694,795,2020-07-12,,"Booth, Vang and Pierce"
695,796,2020-07-12,,Sims Ltd
696,797,2020-07-13,,Cook-Patterson
697,798,2020-07-13,,Reynolds-Cook
698,799,2020-07-14,,Porter Ltd
699,800,2020-07-16,,Barry-Curtis
700,801,2020-07-16,,Young-Allen
701,802,2020-07-16,,"Davis, Kelley and Morris"
702,803,2020-07-18,,Thompson Group
703,804,2020-07-18,,Oneill-Greene
704,805,2020-07-19,,"Stevenson, Riley and Drake"
705,806,2020-07-22,,"Young, Scott and Johnson"
706,807,2020-07-22,,Spence-Lewis
707,808,2020-07-24,,Ortega LLC
708,809,2020-07-25,,Page PLC
709,810,2020-07-27,,Palmer Group
710,811,2020-07-27,2020-08-31,Jenkins-Hale
711,812,2020-07-27,,"Baldwin, Johnson and Hill"
712,813,2020-07-29,2020-07-29,Turner Inc
713,814,2020-07-31,,Graves-Adams
714,815,2020-07-31,,Salazar-Martin
715,816,2020-07-31,,Moreno-Mckay
716,817,2020-08-04,,Miller-Andrews
717,818,2020-08-04,,"Copeland, Powell and Robinson"
718,819,2020-08-05,,Baker-Wagner
719,820,2020-08-06,,Rice-Smith
720,821,2020-08-08,,Matthews Ltd
721,822,2020-08-08,,"Schwartz, Smith and Williams"
722,823,2020-08-09,,"Hicks, Smith and Flores"
723,824,2020-08-09,2020-08-30,"Trujillo, White and Adams"
724,825,2020-08-10,,Flores Group
725,826,2020-08-10,,Alvarado PLC
726,827,2020-08-10,,"Burns, Jacobs and Abbott"
727,828,2020-08-10,,Johnston-Schmidt
728,829,2020-08-11,,"Henderson, Turner and Gonzalez"
729,830,2020-08-12,,"Estrada, Cervantes and Brown"
730,831,2020-08-13,,Harris-Perry
731,832,2020-08-13,,Day Group
732,833,2020-08-14,,Mccoy-Mcclure
733,834,2020-08-14,,Hinton-Gutierrez
734,835,2020-08-15,,Jones-Stokes
735,836,2020-08-15,,Marquez-Kennedy
736,837,2020-08-16,,"Miller, Morgan and Wise"
737,838,2020-08-16,,Wilson PLC
738,839,2020-08-17,,"Roberson, Rios and Olsen"
739,840,2020-08-17,,Jennings and Sons
740,841,2020-08-17,,Cox Group
741,842,2020-08-18,,Farmer and Sons
742,843,2020-08-18,,Nguyen Inc
743,844,2020-08-19,2020-11-25,White and Sons
744,845,2020-08-19,,"Johnson, Campbell and Strong"
745,846,2020-08-19,,Santiago Group
746,847,2020-08-19,,Mcmillan and Sons
747,848,2020-08-19,,Pacheco-Peters
748,849,2020-08-23,,Barrett Inc
749,850,2020-08-23,,Brown Ltd
750,851,2020-08-25,,Cruz-Hardy
751,852,2020-08-26,,Russo-Meyers
752,853,2020-08-26,,Mora-Holmes
753,854,2020-08-26,,Wilson-Bush
754,855,2020-08-26,,Sutton PLC
755,856,2020-08-26,,"Rodriguez, Mooney and Gomez"
756,857,2020-08-28,,Smith PLC
757,858,2020-08-28,,Dominguez-Powell
758,859,2020-08-28,2020-08-20,Hunt-Edwards
759,860,2020-08-28,,Bryan Inc
760,861,2020-08-29,,Marsh Ltd
761,862,2020-08-31,,"Davidson, Leonard and Nichols"
762,863,2020-08-31,,Adkins Inc
763,864,2020-09-01,,Guerrero PLC
764,865,2020-09-01,,Taylor Ltd
765,866,2020-09-02,,Conrad Inc
766,867,2020-09-03,,Hughes PLC
767,868,2020-09-03,,"Wood, Riggs and Woods"
768,869,2020-09-03,,Morrow-Clark
769,870,2020-09-04,,"Mccarthy, Dawson and Warren"
770,871,2020-09-04,,Blair Group
771,872,2020-09-04,,Green-Matthews
772,873,2020-09-05,,"Blevins, Murphy and Torres"
773,874,2020-09-06,,"Martinez, Espinoza and Lopez"
774,875,2020-09-06,,"Vasquez, Moore and Kim"
775,876,2020-09-06,,"Davis, Johnson and Steele"
776,877,2020-09-07,,"Clark, Patterson and Shields"
777,878,2020-09-08,,"Hill, Singh and Barron"
778,879,2020-09-08,,Flores-Lawrence
779,880,2020-09-09,,"Higgins, Adams and Torres"
780,881,2020-09-11,,Johnson-Rasmussen
781,882,2020-09-11,,Chapman PLC
782,883,2020-09-11,,Murphy Group
783,884,2020-09-11,,"Carter, Garcia and Pham"
784,885,2020-09-12,,"Matthews, Contreras and Gonzales"
785,886,2020-09-12,,"Weaver, Moreno and Stewart"
786,887,2020-09-13,2020-11-09,Miller-Gray
787,888,2020-09-15,,"Long, Nash and Nguyen"
788,889,2020-09-17,,Meyer-Gibbs
789,890,2020-09-19,,Rasmussen-Hernandez
790,891,2020-09-20,,"Levy, White and Rodriguez"
791,892,2020-09-20,,Atkins-Eaton
792,893,2020-09-20,,"Wolfe, Taylor and Hendrix"
793,894,2020-09-20,,Brown and Sons
794,895,2020-09-20,,Jenkins Ltd
795,896,2020-09-20,,Miller-Turner
796,897,2020-09-21,,"Robinson, Phillips and Norton"
797,898,2020-09-21,2020-12-16,Chandler-Ponce
798,899,2020-09-21,2020-12-07,Barrett-Riggs
799,900,2020-09-23,2020-12-14,Castro Inc
800,901,2020-09-24,,Barrett-Duran
801,902,2020-09-24,,"Rivas, Meyers and Lloyd"
802,903,2020-09-24,,Harrison-Williams
803,904,2020-09-25,,"West, Richardson and Vaughan"
804,905,2020-09-25,2020-08-27,Garcia-Mckinney
805,906,2020-09-27,,Lawson Ltd
806,907,2020-09-27,,"Duncan, Moore and Miller"
807,908,2020-09-27,,Shaw and Sons
808,909,2020-09-29,,Mckinney-Garcia
809,910,2020-09-29,,Avila and Sons
810,911,2020-09-29,2020-12-07,"Garcia, Carpenter and White"
811,912,2020-09-29,,Andrews-Morales
812,913,2020-09-30,,Mcpherson Inc
813,914,2020-09-30,,Mathews-Young
814,915,2020-09-30,,Lopez-Becker
815,916,2020-10-01,,Peters-Green
816,917,2020-10-01,,"Brown, Carter and Hicks"
817,918,2020-10-02,,Powell-Hamilton
818,919,2020-10-03,,Brooks-Jones
819,920,2020-10-04,,Grant-Adams
820,921,2020-10-04,2020-10-09,Wright-Grimes
821,922,2020-10-04,,Mcintyre-Rodriguez
822,923,2020-10-05,,"Weaver, Bender and Guzman"
823,924,2020-10-05,,"Waller, Hess and Hanson"
824,925,2020-10-06,,"Howard, Gaines and Roman"
825,926,2020-10-08,,"Doyle, Lopez and Warren"
826,927,2020-10-08,,"Williams, Smith and Watkins"
827,928,2020-10-08,,Sullivan Group
828,929,2020-10-09,,"Torres, Andrews and Jackson"
829,930,2020-10-09,,"Jones, Harris and Nguyen"
830,931,2020-10-10,,Hanna and Sons
831,932,2020-10-11,,Coleman LLC
832,933,2020-10-12,,Santiago-Barajas
833,934,2020-10-13,,Weaver LLC
834,935,2020-10-13,2020-10-09,Morris-English
835,936,2020-10-14,,Price Ltd
836,937,2020-10-14,,Green-Hanson
837,938,2020-10-16,,Yang-Hernandez
838,939,2020-10-17,,Rios and Sons
839,940,2020-10-18,,"Hall, Carlson and Bishop"
840,941,2020-10-18,,Nguyen-Ingram
841,942,2020-10-20,,Abbott PLC
842,943,2020-10-20,,Collins-Miller
843,944,2020-10-20,,"Fitzgerald, Hart and Brown"
844,945,2020-10-20,,Schmidt-Miller
845,946,2020-10-21,,"Gray, Velasquez and Warren"
846,947,2020-10-21,,Walsh-Willis
847,948,2020-10-22,,Snyder-Morse
848,949,2020-10-22,,Hogan Group
849,950,2020-10-22,,Guerra PLC
850,951,2020-10-23,,"Greene, Knox and Melton"
851,952,2020-10-23,,Anderson Ltd
852,953,2020-10-24,,"Lucero, Price and Elliott"
853,954,2020-10-26,,"Duke, Pierce and Stephens"
854,955,2020-10-26,,"Turner, Gay and Johnson"
855,956,2020-10-27,,"Harris, Blair and Hunter"
856,957,2020-10-27,,Dawson Ltd
857,958,2020-10-27,,"George, Craig and Jones"
858,959,2020-10-28,,Vasquez LLC
859,960,2020-10-28,,Nichols-Hays
860,961,2020-10-29,,Ramirez-Sullivan
861,962,2020-10-29,,"Smith, Ferguson and West"
862,963,2020-11-01,,Pugh LLC
863,964,2020-11-01,,Conner PLC
864,965,2020-11-04,,Curtis-Walker
865,966,2020-11-05,,"Warner, Williams and Wagner"
866,967,2020-11-05,,Mitchell-Baker
867,968,2020-11-06,,"Roberts, Ellison and Morales"
868,969,2020-11-07,,"Wilson, Robinson and Patel"
869,970,2020-11-07,,"Davis, Baker and Shelton"
870,971,2020-11-07,,"Lewis, Baxter and Daniels"
871,972,2020-11-08,,"Smith, Hood and Bowen"
872,973,2020-11-09,,Oconnor Group
873,974,2020-11-11,,Perez-Alexander
874,975,2020-11-11,,"Stanley, Mueller and Moyer"
875,976,2020-11-13,,Morgan and Sons
876,977,2020-11-13,,Gonzales LLC
877,978,2020-11-14,,Hernandez-Cook
878,979,2020-11-14,,"Alexander, Martinez and Fleming"
879,980,2020-11-14,,"Nixon, Powell and Kelly"
880,981,2020-11-16,,Mccann Inc
881,982,2020-11-16,,Simon LLC
882,983,2020-11-16,,"White, Norton and Maddox"
883,984,2020-11-16,,"Buchanan, Gross and Christian"
884,985,2020-11-17,,Washington Inc
885,986,2020-11-17,,Acosta-Jones
886,987,2020-11-17,,Chung and Sons
887,988,2020-11-17,,"Reyes, Bishop and Patterson"
888,989,2020-11-17,,"Koch, Boyer and Byrd"
889,990,2020-11-19,,Rocha Inc
890,991,2020-11-19,,"Daniels, Townsend and Gonzalez"
891,992,2020-11-20,,"Ingram, Mendez and Brennan"
892,993,2020-11-20,,Townsend-Graves
893,994,2020-11-20,,"Juarez, Myers and Russell"
894,995,2020-11-22,,"Lopez, Carr and Green"
895,996,2020-11-23,,Jones-Mendoza
896,997,2020-11-23,,Tucker Ltd
897,998,2020-11-25,,Ford-Ruiz
898,999,2020-11-25,,"Jenkins, Richmond and Lynch"
899,1000,2020-11-26,,Butler-Perez
900,1001,2020-11-27,,"Nelson, Johnson and Wheeler"
901,1002,2020-11-27,,Smith and Sons
902,1003,2020-11-27,2020-11-23,Stevens Ltd
903,1004,2020-11-27,,Walker-Mckinney
904,1005,2020-11-27,,"Bryan, Wheeler and Ortega"
905,1006,2020-11-28,,Bradshaw-Ellison
906,1007,2020-11-29,,Greene-Rodgers
907,1008,2020-11-30,,Juarez Ltd
908,1009,2020-11-30,,Green and Sons
909,1010,2020-12-01,,"Willis, Hill and Dixon"
910,1011,2020-12-04,,Cook and Sons
911,1012,2020-12-04,,Little-Tanner
912,1013,2020-12-04,,"Parker, Nelson and Mcdonald"
913,1014,2020-12-05,,"Patel, Powell and Fisher"
914,1015,2020-12-05,,Robinson PLC
915,1016,2020-12-06,,Smith-Morton
916,1017,2020-12-07,,"Holmes, Marks and Brown"
917,1018,2020-12-07,,Green-Jones
918,1019,2020-12-08,,"Clark, Watkins and Hall"
919,1020,2020-12-09,,"Wells, Alvarez and Thomas"
920,1021,2020-12-09,,Johnson Group
921,1022,2020-12-10,,"Barker, Perry and Kemp"
922,1023,2020-12-11,,Stone Ltd
923,1024,2020-12-12,,"Graham, Sharp and Lee"
924,1025,2020-12-13,,Gallegos Group
925,1026,2020-12-13,,Nash Inc
926,1027,2020-12-14,,Harris Inc
927,1028,2020-12-15,,"Rhodes, Orozco and Wilson"
928,1029,2020-12-15,,Rodriguez-Lopez
929,1030,2020-12-17,,Morrison-Martin
930,1031,2020-12-18,,Barton-Bates
931,1032,2020-12-18,,"Christian, Reyes and Stanley"
932,1033,2020-12-18,,"Smith, Mcmillan and Rios"
933,1034,2020-12-19,,Brandt Ltd
934,1035,2020-12-19,,Gonzalez Group
935,1036,2020-12-20,,"Richardson, Heath and Anderson"
936,1037,2020-12-20,,Glass-Perez
937,1038,2020-12-20,,"Winters, Johnson and King"
938,1039,2020-12-21,,"Tucker, Estrada and Bradford"
939,1040,2020-12-21,,"Middleton, Lynch and Mckee"
940,1041,2020-12-21,,Bennett and Sons
941,1042,2020-12-23,,Morris-Hoover
942,1043,2020-12-23,,Harding Inc
943,1044,2020-12-24,,"Morris, Mendez and Shah"
944,1045,2020-12-24,,Crawford-Villarreal
945,1046,2020-12-25,,Campbell LLC
946,1047,2020-12-26,,Turner-Barrett
947,1048,2020-12-26,,Patterson-Jenkins
948,1049,2020-12-27,,Love-Hahn
949,1050,2020-12-27,,Maynard-Delacruz
950,1051,2020-12-27,,Ramirez Group
951,1052,2020-12-29,,Dennis LLC
952,1053,2020-12-31,,Hamilton-Beltran
953,1054,2020-12-31,,Martinez PLC
954,1055,2020-12-31,,"Cox, Smith and Moore"
955,1056,2021-01-01,,Sawyer-Bell
956,1057,2021-01-01,,"Morrison, Bowers and Mason"
957,1058,2021-01-01,,Klein-Sheppard
958,1059,2021-01-03,,Good and Sons
959,1060,2021-01-05,,Brown LLC
960,1061,2021-01-05,,Rodriguez Ltd
961,1062,2021-01-06,,Jenkins Group
962,1063,2021-01-07,,Robles and Sons
963,1064,2021-01-08,,Hall-Bailey
964,1065,2021-01-09,,"Long, Smith and Warren"
965,1066,2021-01-11,,Clark PLC
966,1067,2021-01-11,,Dixon-Gaines
967,1068,2021-01-12,,"Andrews, Smith and Wade"
968,1069,2021-01-12,,"Lee, Graham and Wilson"
969,1070,2021-01-13,,Rivas-Mueller
970,1071,2021-01-13,,"Santos, Pham and Chan"
971,1072,2021-01-14,,Ross and Sons
972,1073,2021-01-17,,Johnson LLC
973,1074,2021-01-18,,"Kent, Curtis and Wade"
974,1075,2021-01-19,,Baker-Williamson
975,1076,2021-01-20,,Clayton-Woods
976,1077,2021-01-20,,"Smith, Russell and Munoz"
977,1078,2021-01-21,,Bell-Stephenson
978,1079,2021-01-23,,"Harris, Mora and Mora"
979,1080,2021-01-23,,"Smith, Williams and Barnes"
980,1081,2021-01-25,,Miller Ltd
981,1082,2021-01-25,,Bright PLC
982,1083,2021-01-25,,Jackson-Mosley
983,1084,2021-01-26,,Figueroa-Gilbert
984,1085,2021-01-26,,"Lynch, Williams and Burke"
985,1086,2021-02-02,,Lambert-Watson
986,1087,2021-02-02,,Harrell LLC
987,1088,2021-02-06,,Collins and Sons
988,1089,2021-02-06,,Arroyo-Scott
989,1090,2021-02-07,,Carter and Sons
990,1091,2021-02-08,,Taylor-Martin
991,1092,2021-02-09,,"Lawrence, Hawkins and Ferrell"
992,1093,2021-02-12,,Garner Group
993,1094,2021-02-13,,Garcia and Sons
994,1095,2021-02-13,,James-Tucker
995,1096,2021-02-17,,"Lowery, May and Patterson"
996,1097,2021-02-18,,Contreras-Guerra
997,1098,2021-02-20,,"Anderson, Crawford and Smith"
998,1099,2021-02-22,,Bennett PLC
999,1100,2021-02-25,,Robinson LLC
